{
    "data": [
        {
            "id": 1,
            "attributes": {
                "createdAt": "2023-07-03T18:24:19.475Z",
                "updatedAt": "2023-07-20T20:24:15.386Z",
                "publishedAt": "2023-07-03T18:24:21.154Z",
                "locale": "zh-Hans",
                "CID": "1",
                "name": "合集1",
                "description": "这是一个合集简介",
                "tag": "test",
                "cover": {
                    "data": {
                        "id": 2,
                        "attributes": {
                            "name": "testcover.png",
                            "alternativeText": null,
                            "caption": null,
                            "width": 1120,
                            "height": 760,
                            "formats": {
                                "thumbnail": {
                                    "ext": ".png",
                                    "url": "/uploads/thumbnail_testcover_c71569d8bd.png",
                                    "hash": "thumbnail_testcover_c71569d8bd",
                                    "mime": "image/png",
                                    "name": "thumbnail_testcover.png",
                                    "path": null,
                                    "size": 49.15,
                                    "width": 230,
                                    "height": 156
                                }
                            },
                            "hash": "testcover_c71569d8bd",
                            "ext": ".png",
                            "mime": "image/png",
                            "size": 117.65,
                            "url": "/uploads/testcover_c71569d8bd.png",
                            "previewUrl": null,
                            "provider": "local",
                            "provider_metadata": null,
                            "createdAt": "2023-07-03T18:24:08.403Z",
                            "updatedAt": "2023-07-21T21:41:07.570Z",
                            "colors": {
                                "palette": [
                                    "rgb(82,93,136)",
                                    "rgb(191,139,121)",
                                    "rgb(252,174,117)",
                                    "rgb(233,225,233)"
                                ],
                                "dominant": "rgb(209,171,154)"
                            }
                        }
                    }
                },
                "emojis": {
                    "data": [
                        {
                            "id": 1,
                            "attributes": {
                                "name": "No1",
                                "detail": "No1的表情简介",
                                "EID": "1",
                                "tag": null,
                                "createdAt": "2023-07-03T18:26:25.791Z",
                                "updatedAt": "2023-07-13T23:35:24.208Z",
                                "publishedAt": "2023-07-03T18:26:26.985Z",
                                "random": true
                            }
                        }
                    ]
                }
            }
        },
        {
            "id": 2,
            "attributes": {
                "createdAt": "2023-07-15T22:49:33.002Z",
                "updatedAt": "2023-07-15T23:26:33.835Z",
                "publishedAt": "2023-07-15T22:49:59.491Z",
                "locale": "zh-Hans",
                "CID": "2",
                "name": "合集2",
                "description": "这是一个合集简介",
                "tag": null,
                "cover": {
                    "data": {
                        "id": 11,
                        "attributes": {
                            "name": "ba0046ab6e2e01d6f56c888bf91f5a22_7706821241784344516.png",
                            "alternativeText": null,
                            "caption": null,
                            "width": 750,
                            "height": 400,
                            "formats": {
                                "thumbnail": {
                                    "ext": ".png",
                                    "url": "/uploads/thumbnail_ba0046ab6e2e01d6f56c888bf91f5a22_7706821241784344516_58e9f8d77f.png",
                                    "hash": "thumbnail_ba0046ab6e2e01d6f56c888bf91f5a22_7706821241784344516_58e9f8d77f",
                                    "mime": "image/png",
                                    "name": "thumbnail_ba0046ab6e2e01d6f56c888bf91f5a22_7706821241784344516.png",
                                    "path": null,
                                    "size": 51.18,
                                    "width": 245,
                                    "height": 131
                                }
                            },
                            "hash": "ba0046ab6e2e01d6f56c888bf91f5a22_7706821241784344516_58e9f8d77f",
                            "ext": ".png",
                            "mime": "image/png",
                            "size": 90.68,
                            "url": "/uploads/ba0046ab6e2e01d6f56c888bf91f5a22_7706821241784344516_58e9f8d77f.png",
                            "previewUrl": null,
                            "provider": "local",
                            "provider_metadata": null,
                            "createdAt": "2023-07-15T22:47:44.303Z",
                            "updatedAt": "2023-07-21T21:40:05.571Z",
                            "colors": {
                                "palette": [
                                    "rgb(46,60,78)",
                                    "rgb(100,154,168)",
                                    "rgb(154,149,107)",
                                    "rgb(180,218,206)"
                                ],
                                "dominant": "rgb(140,172,169)"
                            }
                        }
                    }
                },
                "emojis": {
                    "data": [
                        {
                            "id": 2,
                            "attributes": {
                                "name": "No2",
                                "detail": "No2的表情简介",
                                "EID": "2",
                                "tag": null,
                                "createdAt": "2023-07-03T18:27:09.050Z",
                                "updatedAt": "2023-07-13T23:35:29.238Z",
                                "publishedAt": "2023-07-03T18:27:14.285Z",
                                "random": true
                            }
                        }
                    ]
                }
            }
        },
        {
            "id": 3,
            "attributes": {
                "createdAt": "2023-07-15T22:52:48.869Z",
                "updatedAt": "2023-07-15T23:26:38.494Z",
                "publishedAt": "2023-07-15T22:52:57.438Z",
                "locale": "zh-Hans",
                "CID": "3",
                "name": "合集3",
                "description": "这是一个合集简介",
                "tag": null,
                "cover": {
                    "data": {
                        "id": 11,
                        "attributes": {
                            "name": "ba0046ab6e2e01d6f56c888bf91f5a22_7706821241784344516.png",
                            "alternativeText": null,
                            "caption": null,
                            "width": 750,
                            "height": 400,
                            "formats": {
                                "thumbnail": {
                                    "ext": ".png",
                                    "url": "/uploads/thumbnail_ba0046ab6e2e01d6f56c888bf91f5a22_7706821241784344516_58e9f8d77f.png",
                                    "hash": "thumbnail_ba0046ab6e2e01d6f56c888bf91f5a22_7706821241784344516_58e9f8d77f",
                                    "mime": "image/png",
                                    "name": "thumbnail_ba0046ab6e2e01d6f56c888bf91f5a22_7706821241784344516.png",
                                    "path": null,
                                    "size": 51.18,
                                    "width": 245,
                                    "height": 131
                                }
                            },
                            "hash": "ba0046ab6e2e01d6f56c888bf91f5a22_7706821241784344516_58e9f8d77f",
                            "ext": ".png",
                            "mime": "image/png",
                            "size": 90.68,
                            "url": "/uploads/ba0046ab6e2e01d6f56c888bf91f5a22_7706821241784344516_58e9f8d77f.png",
                            "previewUrl": null,
                            "provider": "local",
                            "provider_metadata": null,
                            "createdAt": "2023-07-15T22:47:44.303Z",
                            "updatedAt": "2023-07-21T21:40:05.571Z",
                            "colors": {
                                "palette": [
                                    "rgb(46,60,78)",
                                    "rgb(100,154,168)",
                                    "rgb(154,149,107)",
                                    "rgb(180,218,206)"
                                ],
                                "dominant": "rgb(140,172,169)"
                            }
                        }
                    }
                },
                "emojis": {
                    "data": [
                        {
                            "id": 3,
                            "attributes": {
                                "name": "No3",
                                "detail": "No3的表情简介",
                                "EID": "3",
                                "tag": null,
                                "createdAt": "2023-07-03T18:27:46.079Z",
                                "updatedAt": "2023-07-13T23:35:33.655Z",
                                "publishedAt": "2023-07-03T18:27:47.242Z",
                                "random": true
                            }
                        }
                    ]
                }
            }
        },
        {
            "id": 4,
            "attributes": {
                "createdAt": "2023-07-15T22:53:06.264Z",
                "updatedAt": "2023-07-15T22:53:07.283Z",
                "publishedAt": "2023-07-15T22:53:07.276Z",
                "locale": "zh-Hans",
                "CID": "4",
                "name": "合集4",
                "description": "这是一个合集简介",
                "tag": null,
                "cover": {
                    "data": {
                        "id": 11,
                        "attributes": {
                            "name": "ba0046ab6e2e01d6f56c888bf91f5a22_7706821241784344516.png",
                            "alternativeText": null,
                            "caption": null,
                            "width": 750,
                            "height": 400,
                            "formats": {
                                "thumbnail": {
                                    "ext": ".png",
                                    "url": "/uploads/thumbnail_ba0046ab6e2e01d6f56c888bf91f5a22_7706821241784344516_58e9f8d77f.png",
                                    "hash": "thumbnail_ba0046ab6e2e01d6f56c888bf91f5a22_7706821241784344516_58e9f8d77f",
                                    "mime": "image/png",
                                    "name": "thumbnail_ba0046ab6e2e01d6f56c888bf91f5a22_7706821241784344516.png",
                                    "path": null,
                                    "size": 51.18,
                                    "width": 245,
                                    "height": 131
                                }
                            },
                            "hash": "ba0046ab6e2e01d6f56c888bf91f5a22_7706821241784344516_58e9f8d77f",
                            "ext": ".png",
                            "mime": "image/png",
                            "size": 90.68,
                            "url": "/uploads/ba0046ab6e2e01d6f56c888bf91f5a22_7706821241784344516_58e9f8d77f.png",
                            "previewUrl": null,
                            "provider": "local",
                            "provider_metadata": null,
                            "createdAt": "2023-07-15T22:47:44.303Z",
                            "updatedAt": "2023-07-21T21:40:05.571Z",
                            "colors": {
                                "palette": [
                                    "rgb(46,60,78)",
                                    "rgb(100,154,168)",
                                    "rgb(154,149,107)",
                                    "rgb(180,218,206)"
                                ],
                                "dominant": "rgb(140,172,169)"
                            }
                        }
                    }
                },
                "emojis": {
                    "data": []
                }
            }
        }
    ],
    "meta": {
        "pagination": {
            "page": 1,
            "pageSize": 250,
            "pageCount": 1,
            "total": 4
        }
    }
}