{
    "data": [
        {
            "id": 1,
            "attributes": {
                "name": "No1",
                "detail": "No1的表情简介",
                "EID": "1",
                "tag": null,
                "createdAt": "2023-07-03T18:26:25.791Z",
                "updatedAt": "2023-07-13T23:35:24.208Z",
                "publishedAt": "2023-07-03T18:26:26.985Z",
                "random": true,
                "singleEmoji": {
                    "data": {
                        "id": 1,
                        "attributes": {
                            "name": "a98919993681d.jpg",
                            "alternativeText": null,
                            "caption": null,
                            "width": 1000,
                            "height": 1000,
                            "formats": {
                                "thumbnail": {
                                    "ext": ".jpg",
                                    "url": "/uploads/thumbnail_a98919993681d_4fb779faeb.jpg",
                                    "hash": "thumbnail_a98919993681d_4fb779faeb",
                                    "mime": "image/jpeg",
                                    "name": "thumbnail_a98919993681d.jpg",
                                    "path": null,
                                    "size": 6.11,
                                    "width": 156,
                                    "height": 156
                                }
                            },
                            "hash": "a98919993681d_4fb779faeb",
                            "ext": ".jpg",
                            "mime": "image/jpeg",
                            "size": 67.06,
                            "url": "/uploads/a98919993681d_4fb779faeb.jpg",
                            "previewUrl": null,
                            "provider": "local",
                            "provider_metadata": null,
                            "createdAt": "2023-07-03T17:41:06.802Z",
                            "updatedAt": "2023-07-03T18:26:20.579Z",
                            "colors": null
                        }
                    }
                }
            }
        },
        {
            "id": 2,
            "attributes": {
                "name": "No2",
                "detail": "No2的表情简介",
                "EID": "2",
                "tag": null,
                "createdAt": "2023-07-03T18:27:09.050Z",
                "updatedAt": "2023-07-13T23:35:29.238Z",
                "publishedAt": "2023-07-03T18:27:14.285Z",
                "random": true,
                "singleEmoji": {
                    "data": {
                        "id": 3,
                        "attributes": {
                            "name": "casbin.png",
                            "alternativeText": null,
                            "caption": null,
                            "width": 368,
                            "height": 368,
                            "formats": {
                                "thumbnail": {
                                    "ext": ".png",
                                    "url": "/uploads/thumbnail_casbin_91407a68c6.png",
                                    "hash": "thumbnail_casbin_91407a68c6",
                                    "mime": "image/png",
                                    "name": "thumbnail_casbin.png",
                                    "path": null,
                                    "size": 32.3,
                                    "width": 156,
                                    "height": 156
                                }
                            },
                            "hash": "casbin_91407a68c6",
                            "ext": ".png",
                            "mime": "image/png",
                            "size": 35.98,
                            "url": "/uploads/casbin_91407a68c6.png",
                            "previewUrl": null,
                            "provider": "local",
                            "provider_metadata": null,
                            "createdAt": "2023-07-03T18:27:04.801Z",
                            "updatedAt": "2023-07-03T18:27:04.801Z",
                            "colors": null
                        }
                    }
                }
            }
        },
        {
            "id": 3,
            "attributes": {
                "name": "No3",
                "detail": "No3的表情简介",
                "EID": "3",
                "tag": null,
                "createdAt": "2023-07-03T18:27:46.079Z",
                "updatedAt": "2023-07-13T23:35:33.655Z",
                "publishedAt": "2023-07-03T18:27:47.242Z",
                "random": true,
                "singleEmoji": {
                    "data": {
                        "id": 4,
                        "attributes": {
                            "name": "otter__go.png",
                            "alternativeText": null,
                            "caption": null,
                            "width": 384,
                            "height": 384,
                            "formats": {
                                "thumbnail": {
                                    "ext": ".png",
                                    "url": "/uploads/thumbnail_otter_go_48386b0ba0.png",
                                    "hash": "thumbnail_otter_go_48386b0ba0",
                                    "mime": "image/png",
                                    "name": "thumbnail_otter__go.png",
                                    "path": null,
                                    "size": 22.06,
                                    "width": 156,
                                    "height": 156
                                }
                            },
                            "hash": "otter_go_48386b0ba0",
                            "ext": ".png",
                            "mime": "image/png",
                            "size": 15.11,
                            "url": "/uploads/otter_go_48386b0ba0.png",
                            "previewUrl": null,
                            "provider": "local",
                            "provider_metadata": null,
                            "createdAt": "2023-07-03T18:27:42.385Z",
                            "updatedAt": "2023-07-03T18:27:42.385Z",
                            "colors": null
                        }
                    }
                }
            }
        },
        {
            "id": 5,
            "attributes": {
                "name": "No4",
                "detail": "No4的表情简介",
                "EID": "4",
                "tag": null,
                "createdAt": "2023-07-16T04:34:59.888Z",
                "updatedAt": "2023-07-16T04:35:19.304Z",
                "publishedAt": "2023-07-16T04:35:19.298Z",
                "random": true,
                "singleEmoji": {
                    "data": {
                        "id": 9,
                        "attributes": {
                            "name": "photo_2023-07-15_18-45-22.jpg",
                            "alternativeText": null,
                            "caption": null,
                            "width": 240,
                            "height": 240,
                            "formats": {
                                "thumbnail": {
                                    "ext": ".jpg",
                                    "url": "/uploads/thumbnail_photo_2023_07_15_18_45_22_d10331920d.jpg",
                                    "hash": "thumbnail_photo_2023_07_15_18_45_22_d10331920d",
                                    "mime": "image/jpeg",
                                    "name": "thumbnail_photo_2023-07-15_18-45-22.jpg",
                                    "path": null,
                                    "size": 8.91,
                                    "width": 156,
                                    "height": 156
                                }
                            },
                            "hash": "photo_2023_07_15_18_45_22_d10331920d",
                            "ext": ".jpg",
                            "mime": "image/jpeg",
                            "size": 16.64,
                            "url": "/uploads/photo_2023_07_15_18_45_22_d10331920d.jpg",
                            "previewUrl": null,
                            "provider": "local",
                            "provider_metadata": null,
                            "createdAt": "2023-07-15T22:46:10.573Z",
                            "updatedAt": "2023-07-15T22:46:10.573Z",
                            "colors": null
                        }
                    }
                }
            }
        },
        {
            "id": 6,
            "attributes": {
                "name": "No5",
                "detail": "No5的表情简介",
                "EID": "5",
                "tag": null,
                "createdAt": "2023-07-16T05:17:33.165Z",
                "updatedAt": "2023-07-16T05:19:04.883Z",
                "publishedAt": "2023-07-16T05:20:01.996Z",
                "random": true,
                "singleEmoji": {
                    "data": {
                        "id": 12,
                        "attributes": {
                            "name": "paimon_meme_019.png",
                            "alternativeText": null,
                            "caption": null,
                            "width": 144,
                            "height": 144,
                            "formats": null,
                            "hash": "paimon_meme_019_91d4f9f27c",
                            "ext": ".png",
                            "mime": "image/png",
                            "size": 7.22,
                            "url": "/uploads/paimon_meme_019_91d4f9f27c.png",
                            "previewUrl": null,
                            "provider": "local",
                            "provider_metadata": null,
                            "createdAt": "2023-07-16T05:18:37.250Z",
                            "updatedAt": "2023-07-16T05:18:37.250Z",
                            "colors": null
                        }
                    }
                }
            }
        },
        {
            "id": 7,
            "attributes": {
                "name": "No6",
                "detail": "No6的表情简介",
                "EID": "6",
                "tag": null,
                "createdAt": "2023-07-16T05:18:01.947Z",
                "updatedAt": "2023-07-16T05:18:56.721Z",
                "publishedAt": "2023-07-16T05:20:01.996Z",
                "random": true,
                "singleEmoji": {
                    "data": {
                        "id": 13,
                        "attributes": {
                            "name": "paimon_meme_018.png",
                            "alternativeText": null,
                            "caption": null,
                            "width": 144,
                            "height": 144,
                            "formats": null,
                            "hash": "paimon_meme_018_1fb0036020",
                            "ext": ".png",
                            "mime": "image/png",
                            "size": 8.69,
                            "url": "/uploads/paimon_meme_018_1fb0036020.png",
                            "previewUrl": null,
                            "provider": "local",
                            "provider_metadata": null,
                            "createdAt": "2023-07-16T05:18:37.257Z",
                            "updatedAt": "2023-07-16T05:18:37.257Z",
                            "colors": null
                        }
                    }
                }
            }
        },
        {
            "id": 8,
            "attributes": {
                "name": "No7",
                "detail": "No7的表情简介",
                "EID": "7",
                "tag": null,
                "createdAt": "2023-07-16T05:19:19.058Z",
                "updatedAt": "2023-07-16T05:19:49.029Z",
                "publishedAt": "2023-07-16T05:20:01.996Z",
                "random": true,
                "singleEmoji": {
                    "data": {
                        "id": 15,
                        "attributes": {
                            "name": "paimon_meme_006.png",
                            "alternativeText": null,
                            "caption": null,
                            "width": 160,
                            "height": 160,
                            "formats": {
                                "thumbnail": {
                                    "ext": ".png",
                                    "url": "/uploads/thumbnail_paimon_meme_006_f3cb7b70e7.png",
                                    "hash": "thumbnail_paimon_meme_006_f3cb7b70e7",
                                    "mime": "image/png",
                                    "name": "thumbnail_paimon_meme_006.png",
                                    "path": null,
                                    "size": 23.8,
                                    "width": 156,
                                    "height": 156
                                }
                            },
                            "hash": "paimon_meme_006_f3cb7b70e7",
                            "ext": ".png",
                            "mime": "image/png",
                            "size": 6.69,
                            "url": "/uploads/paimon_meme_006_f3cb7b70e7.png",
                            "previewUrl": null,
                            "provider": "local",
                            "provider_metadata": null,
                            "createdAt": "2023-07-16T05:18:37.295Z",
                            "updatedAt": "2023-07-16T05:18:37.295Z",
                            "colors": null
                        }
                    }
                }
            }
        },
        {
            "id": 9,
            "attributes": {
                "name": "No8",
                "detail": "No8的表情简介",
                "EID": "8",
                "tag": null,
                "createdAt": "2023-07-16T05:19:38.215Z",
                "updatedAt": "2023-07-21T21:31:58.949Z",
                "publishedAt": "2023-07-16T05:20:01.996Z",
                "random": true,
                "singleEmoji": {
                    "data": {
                        "id": 14,
                        "attributes": {
                            "name": "paimon_meme_008.png",
                            "alternativeText": null,
                            "caption": null,
                            "width": 160,
                            "height": 160,
                            "formats": {
                                "thumbnail": {
                                    "ext": ".png",
                                    "url": "/uploads/thumbnail_paimon_meme_008_7bf6bb945b.png",
                                    "hash": "thumbnail_paimon_meme_008_7bf6bb945b",
                                    "mime": "image/png",
                                    "name": "thumbnail_paimon_meme_008.png",
                                    "path": null,
                                    "size": 25.03,
                                    "width": 156,
                                    "height": 156
                                }
                            },
                            "hash": "paimon_meme_008_7bf6bb945b",
                            "ext": ".png",
                            "mime": "image/png",
                            "size": 6.82,
                            "url": "/uploads/paimon_meme_008_7bf6bb945b.png",
                            "previewUrl": null,
                            "provider": "local",
                            "provider_metadata": null,
                            "createdAt": "2023-07-16T05:18:37.284Z",
                            "updatedAt": "2023-07-21T21:31:46.715Z",
                            "colors": null
                        }
                    }
                }
            }
        },
        {
            "id": 10,
            "attributes": {
                "name": "No9",
                "detail": "No9的表情简介",
                "EID": "9",
                "tag": null,
                "createdAt": "2023-07-21T21:32:22.228Z",
                "updatedAt": "2023-07-21T21:33:39.386Z",
                "publishedAt": "2023-07-21T21:32:23.089Z",
                "random": true,
                "singleEmoji": {
                    "data": {
                        "id": 17,
                        "attributes": {
                            "name": "paimon_meme_023.png",
                            "alternativeText": null,
                            "caption": null,
                            "width": 144,
                            "height": 144,
                            "formats": null,
                            "hash": "paimon_meme_023_7b741f6f04",
                            "ext": ".png",
                            "mime": "image/png",
                            "size": 7.04,
                            "url": "/uploads/paimon_meme_023_7b741f6f04.png",
                            "previewUrl": null,
                            "provider": "local",
                            "provider_metadata": null,
                            "createdAt": "2023-07-21T21:26:34.491Z",
                            "updatedAt": "2023-07-21T21:26:34.491Z",
                            "colors": {
                                "palette": [
                                    "rgb(77,91,97)",
                                    "rgb(114,199,217)",
                                    "rgb(157,118,100)",
                                    "rgb(228,222,218)"
                                ],
                                "dominant": "rgb(127,161,168)"
                            }
                        }
                    }
                }
            }
        }
    ],
    "meta": {
        "pagination": {
            "page": 1,
            "pageSize": 250,
            "pageCount": 1,
            "total": 9
        }
    }
}